{
    "times": 89.56581044197083,
    "inliers": 50.249999999999986,
    "auc@1": 15.06198416753006,
    "auc@3": 37.644680663943106,
    "auc@5": 48.90675520948283,
    "i_auc@1": 26.52255536694162,
    "i_auc@3": 55.03654862530709,
    "i_auc@5": 65.87400284461785,
    "v_auc@1": 4.154578750416384,
    "v_auc@3": 21.01085892841641,
    "v_auc@5": 32.683196486052815
}