{
    "times": 91.29520463943481,
    "inliers": 275.13620689655176,
    "auc@1": 21.590190364112118,
    "auc@3": 44.617252167870944,
    "auc@5": 54.88119417814345,
    "i_auc@1": 35.622616914803515,
    "i_auc@3": 60.810362746318184,
    "i_auc@5": 69.5243561795929,
    "v_auc@1": 8.200625337786592,
    "v_auc@3": 29.133097608547427,
    "v_auc@5": 40.901955738916236
}