{
    "times": 46.77160358428955,
    "inliers": 50.62413793103451,
    "auc@1": 16.55255484811973,
    "auc@3": 37.83199679791503,
    "auc@5": 49.133505559429544,
    "i_auc@1": 29.38815768611559,
    "i_auc@3": 55.67819178191375,
    "i_auc@5": 65.89157358648383,
    "v_auc@1": 4.320322972233012,
    "v_auc@3": 20.759375721721327,
    "v_auc@5": 33.097496974266186
}