{
    "times": 51.70166826248169,
    "inliers": 284.08965517241376,
    "auc@1": 22.000006904247506,
    "auc@3": 45.049106903245736,
    "auc@5": 54.623299656114696,
    "i_auc@1": 36.72034132768188,
    "i_auc@3": 61.084726773071715,
    "i_auc@5": 68.65826770480264,
    "v_auc@1": 7.944469492314226,
    "v_auc@3": 29.71043195091398,
    "v_auc@5": 41.23087930073172
}